#,version,,,,,,,,,,,,,,
2024,7,15,2,,,,,,,,,,,,
#,row_col_num,,,,,,,,,,,,,,
36,16,,,,,,,,,,,,,,
#,noise,,,,,,,,,,,,,,
-350,350,,,,,,,,,,,,,,
#,raw_max,,,,,,,,,,,,,,
5412,5415,5398,5428,5425,5419,5414,5431,5418,5429,5426,5421,5432,5426,5429,5432
5428,5405,5418,5410,5418,5411,5411,5424,5418,5401,5407,5426,5412,5410,5398,5417
5417,5396,5418,5410,5404,5411,5411,5410,5408,5418,5418,5422,5414,5411,5417,5407
5421,5410,5436,5418,5410,5425,5421,5445,5407,5415,5422,5414,5398,5415,5418,5418
5425,5414,5419,5415,5412,5417,5418,5412,5418,5418,5414,5415,5417,5422,5417,5418
5432,5404,5408,5414,5410,5417,5418,5428,5421,5407,5404,5421,5415,5407,5407,5429
5412,5397,5412,5422,5414,5411,5421,5419,5410,5418,5419,5419,5421,5419,5421,5425
5424,5405,5417,5410,5418,5414,5417,5422,5433,5407,5412,5414,5418,5408,5411,5428
5404,5408,5404,5408,5411,5411,5421,5415,5422,5419,5418,5424,5431,5424,5424,5439
5424,5431,5419,5426,5432,5433,5429,5412,5419,5419,5417,5415,5431,5412,5412,5426
5424,5424,5424,5422,5418,5418,5428,5424,5421,5426,5425,5426,5429,5424,5432,5419
5417,5419,5417,5425,5424,5425,5431,5428,5419,5412,5422,5422,5418,5418,5417,5429
5421,5417,5414,5422,5411,5421,5424,5422,5418,5425,5432,5424,5428,5417,5424,5429
5440,5442,5446,5438,5410,5417,5408,5408,5419,5414,5428,5418,5417,5414,5422,5426
5418,5424,5424,5422,5422,5421,5425,5426,5400,5400,5407,5404,5404,5414,5438,5417
5410,5421,5415,5408,5422,5424,5442,5442,5425,5429,5424,5428,5426,5429,5429,5418
5419,5419,5425,5421,5428,5424,5417,5412,5426,5424,5422,5415,5421,5421,5439,5408
5426,5425,5428,5426,5426,5429,5415,5417,5421,5428,5418,5414,5425,5428,5429,5422
5415,5412,5412,5412,5414,5422,5419,5422,5432,5417,5432,5432,5438,5442,5432,5440
5412,5433,5429,5431,5431,5431,5429,5421,5421,5424,5419,5419,5418,5412,5424,5422
5417,5428,5424,5429,5435,5431,5433,5431,5436,5436,5440,5433,5432,5435,5433,5412
5417,5417,5422,5414,5407,5424,5411,5418,5421,5436,5408,5411,5415,5417,5415,5429
5414,5431,5432,5438,5436,5431,5433,5438,5422,5419,5425,5421,5421,5419,5414,5429
5421,5439,5436,5439,5447,5429,5443,5393,5428,5428,5428,5429,5428,5431,5431,5404
5405,5438,5433,5432,5433,5429,5431,5438,5418,5433,5417,5417,5424,5426,5432,5433
5417,5422,5419,5417,5424,5417,5422,5417,5429,5422,5424,5419,5418,5418,5428,5426
5424,5410,5407,5422,5411,5404,5417,5418,5410,5429,5401,5410,5410,5421,5447,5432
5417,5426,5432,5414,5419,5419,5415,5433,5419,5417,5417,5408,5401,5407,5425,5419
5418,5424,5421,5405,5405,5417,5421,5435,5418,5419,5417,5424,5422,5432,5421,5425
5405,5426,5428,5431,5431,5432,5431,5412,5418,5419,5415,5425,5426,5421,5418,5417
5410,5426,5432,5426,5424,5429,5426,5421,5405,5436,5419,5440,5442,5442,5428,5393
5426,5412,5415,5421,5418,5424,5421,5425,5407,5404,5405,5411,5415,5442,5424,5411
5431,5414,5415,5422,5417,5429,5426,5426,5422,5433,5443,5407,5403,5417,5403,5442
5412,5417,5414,5419,5422,5421,5425,5428,5429,5429,5433,5407,5405,5436,5418,5412
5425,5426,5405,5408,5415,5438,5428,5426,5415,5410,5415,5429,5431,5411,5421,5432
5405,5418,5410,5431,5410,5433,5414,5435,5418,5425,5418,5425,5429,5419,5424,5426
#,raw_min,,,,,,,,,,,,,,
2320,2321,2314,2326,2325,2323,2320,2327,2322,2327,2326,2323,2328,2326,2327,2328
2326,2317,2322,2318,2322,2319,2319,2324,2322,2315,2317,2326,2320,2318,2314,2321
2321,2312,2322,2318,2316,2319,2319,2318,2318,2322,2322,2324,2320,2319,2321,2317
2323,2318,2330,2322,2318,2325,2323,2333,2317,2321,2324,2320,2314,2321,2322,2322
2325,2320,2323,2321,2320,2321,2322,2320,2322,2322,2320,2321,2321,2324,2321,2322
2328,2316,2318,2320,2318,2321,2322,2326,2323,2317,2316,2323,2321,2317,2317,2327
2320,2313,2320,2324,2320,2319,2323,2323,2318,2322,2323,2323,2323,2323,2323,2325
2324,2317,2321,2318,2322,2320,2321,2324,2329,2317,2320,2320,2322,2318,2319,2326
2316,2318,2316,2318,2319,2319,2323,2321,2324,2323,2322,2324,2327,2324,2324,2331
2324,2327,2323,2326,2328,2329,2327,2320,2323,2323,2321,2321,2327,2320,2320,2326
2324,2324,2324,2324,2322,2322,2326,2324,2323,2326,2325,2326,2327,2324,2328,2323
2321,2323,2321,2325,2324,2325,2327,2326,2323,2320,2324,2324,2322,2322,2321,2327
2323,2321,2320,2324,2319,2323,2324,2324,2322,2325,2328,2324,2326,2321,2324,2327
2332,2332,2334,2330,2318,2321,2318,2318,2323,2320,2326,2322,2321,2320,2324,2326
2322,2324,2324,2324,2324,2323,2325,2326,2314,2314,2317,2316,2316,2320,2330,2321
2318,2323,2321,2318,2324,2324,2332,2332,2325,2327,2324,2326,2326,2327,2327,2322
2323,2323,2325,2323,2326,2324,2321,2320,2326,2324,2324,2321,2323,2323,2331,2318
2326,2325,2326,2326,2326,2327,2321,2321,2323,2326,2322,2320,2325,2326,2327,2324
2321,2320,2320,2320,2320,2324,2323,2324,2328,2321,2328,2328,2330,2332,2328,2332
2320,2329,2327,2327,2327,2327,2327,2323,2323,2324,2323,2323,2322,2320,2324,2324
2321,2326,2324,2327,2329,2327,2329,2327,2330,2330,2332,2329,2328,2329,2329,2320
2321,2321,2324,2320,2317,2324,2319,2322,2323,2330,2318,2319,2321,2321,2321,2327
2320,2327,2328,2330,2330,2327,2329,2330,2324,2323,2325,2323,2323,2323,2320,2327
2323,2331,2330,2331,2335,2327,2333,2311,2326,2326,2326,2327,2326,2327,2327,2316
2317,2330,2329,2328,2329,2327,2327,2330,2322,2329,2321,2321,2324,2326,2328,2329
2321,2324,2323,2321,2324,2321,2324,2321,2327,2324,2324,2323,2322,2322,2326,2326
2324,2318,2317,2324,2319,2316,2321,2322,2318,2327,2315,2318,2318,2323,2335,2328
2321,2326,2328,2320,2323,2323,2321,2329,2323,2321,2321,2318,2315,2317,2325,2323
2322,2324,2323,2317,2317,2321,2323,2329,2322,2323,2321,2324,2324,2328,2323,2325
2317,2326,2326,2327,2327,2328,2327,2320,2322,2323,2321,2325,2326,2323,2322,2321
2318,2326,2328,2326,2324,2327,2326,2323,2317,2330,2323,2332,2332,2332,2326,2311
2326,2320,2321,2323,2322,2324,2323,2325,2317,2316,2317,2319,2321,2332,2324,2319
2327,2320,2321,2324,2321,2327,2326,2326,2324,2329,2333,2317,2315,2321,2315,2332
2320,2321,2320,2323,2324,2323,2325,2326,2327,2327,2329,2317,2317,2330,2322,2320
2325,2326,2317,2318,2321,2330,2326,2326,2321,2318,2321,2327,2327,2319,2323,2328
2317,2322,2318,2327,2318,2329,2320,2329,2322,2325,2322,2325,2327,2323,2324,2326
#,raw_col_delta_max,,,,,,,,,,,,,,
700,700,700,700,700,700,700,700,700,700,700,700,700,700,700,
700,700,700,700,700,700,700,700,700,700,700,700,700,700,700,
700,700,700,700,700,700,700,700,700,700,700,700,700,700,700,
700,700,700,700,700,700,700,700,700,700,700,700,700,700,700,
700,700,700,700,700,700,700,700,700,700,700,700,700,700,700,
700,700,700,700,700,700,700,700,700,700,700,700,700,700,700,
700,700,700,700,700,700,700,700,700,700,700,700,700,700,700,
700,700,700,700,700,700,700,700,700,700,700,700,700,700,700,
700,700,700,700,700,700,700,700,700,700,700,700,700,700,700,
700,700,700,700,700,700,700,700,700,700,700,700,700,700,700,
700,700,700,700,700,700,700,700,700,700,700,700,700,700,700,
700,700,700,700,700,700,700,700,700,700,700,700,700,700,700,
700,700,700,700,700,700,700,700,700,700,700,700,700,700,700,
700,700,700,700,700,700,700,700,700,700,700,700,700,700,700,
700,700,700,700,700,700,700,700,700,700,700,700,700,700,700,
700,700,700,700,700,700,700,700,700,700,700,700,700,700,700,
700,700,700,700,700,700,700,700,700,700,700,700,700,700,700,
700,700,700,700,700,700,700,700,700,700,700,700,700,700,700,
700,700,700,700,700,700,700,700,700,700,700,700,700,700,700,
700,700,700,700,700,700,700,700,700,700,700,700,700,700,700,
700,700,700,700,700,700,700,700,700,700,700,700,700,700,700,
700,700,700,700,700,700,700,700,700,700,700,700,700,700,700,
700,700,700,700,700,700,700,700,700,700,700,700,700,700,700,
700,700,700,700,700,700,700,700,700,700,700,700,700,700,700,
700,700,700,700,700,700,700,700,700,700,700,700,700,700,700,
700,700,700,700,700,700,700,700,700,700,700,700,700,700,700,
700,700,700,700,700,700,700,700,700,700,700,700,700,700,700,
700,700,700,700,700,700,700,700,700,700,700,700,700,700,700,
700,700,700,700,700,700,700,700,700,700,700,700,700,700,700,
700,700,700,700,700,700,700,700,700,700,700,700,700,700,700,
700,700,700,700,700,700,700,700,700,700,700,700,700,700,700,
700,700,700,700,700,700,700,700,700,700,700,700,700,700,700,
700,700,700,700,700,700,700,700,700,700,700,700,700,700,700,
700,700,700,700,700,700,700,700,700,700,700,700,700,700,700,
700,700,700,700,700,700,700,700,700,700,700,700,700,700,700,
700,700,700,700,700,700,700,700,700,700,700,700,700,700,700,
#,raw_col_delta_min,,,,,,,,,,,,,,
-700,-700,-700,-700,-700,-700,-700,-700,-700,-700,-700,-700,-700,-700,-700,
-700,-700,-700,-700,-700,-700,-700,-700,-700,-700,-700,-700,-700,-700,-700,
-700,-700,-700,-700,-700,-700,-700,-700,-700,-700,-700,-700,-700,-700,-700,
-700,-700,-700,-700,-700,-700,-700,-700,-700,-700,-700,-700,-700,-700,-700,
-700,-700,-700,-700,-700,-700,-700,-700,-700,-700,-700,-700,-700,-700,-700,
-700,-700,-700,-700,-700,-700,-700,-700,-700,-700,-700,-700,-700,-700,-700,
-700,-700,-700,-700,-700,-700,-700,-700,-700,-700,-700,-700,-700,-700,-700,
-700,-700,-700,-700,-700,-700,-700,-700,-700,-700,-700,-700,-700,-700,-700,
-700,-700,-700,-700,-700,-700,-700,-700,-700,-700,-700,-700,-700,-700,-700,
-700,-700,-700,-700,-700,-700,-700,-700,-700,-700,-700,-700,-700,-700,-700,
-700,-700,-700,-700,-700,-700,-700,-700,-700,-700,-700,-700,-700,-700,-700,
-700,-700,-700,-700,-700,-700,-700,-700,-700,-700,-700,-700,-700,-700,-700,
-700,-700,-700,-700,-700,-700,-700,-700,-700,-700,-700,-700,-700,-700,-700,
-700,-700,-700,-700,-700,-700,-700,-700,-700,-700,-700,-700,-700,-700,-700,
-700,-700,-700,-700,-700,-700,-700,-700,-700,-700,-700,-700,-700,-700,-700,
-700,-700,-700,-700,-700,-700,-700,-700,-700,-700,-700,-700,-700,-700,-700,
-700,-700,-700,-700,-700,-700,-700,-700,-700,-700,-700,-700,-700,-700,-700,
-700,-700,-700,-700,-700,-700,-700,-700,-700,-700,-700,-700,-700,-700,-700,
-700,-700,-700,-700,-700,-700,-700,-700,-700,-700,-700,-700,-700,-700,-700,
-700,-700,-700,-700,-700,-700,-700,-700,-700,-700,-700,-700,-700,-700,-700,
-700,-700,-700,-700,-700,-700,-700,-700,-700,-700,-700,-700,-700,-700,-700,
-700,-700,-700,-700,-700,-700,-700,-700,-700,-700,-700,-700,-700,-700,-700,
-700,-700,-700,-700,-700,-700,-700,-700,-700,-700,-700,-700,-700,-700,-700,
-700,-700,-700,-700,-700,-700,-700,-700,-700,-700,-700,-700,-700,-700,-700,
-700,-700,-700,-700,-700,-700,-700,-700,-700,-700,-700,-700,-700,-700,-700,
-700,-700,-700,-700,-700,-700,-700,-700,-700,-700,-700,-700,-700,-700,-700,
-700,-700,-700,-700,-700,-700,-700,-700,-700,-700,-700,-700,-700,-700,-700,
-700,-700,-700,-700,-700,-700,-700,-700,-700,-700,-700,-700,-700,-700,-700,
-700,-700,-700,-700,-700,-700,-700,-700,-700,-700,-700,-700,-700,-700,-700,
-700,-700,-700,-700,-700,-700,-700,-700,-700,-700,-700,-700,-700,-700,-700,
-700,-700,-700,-700,-700,-700,-700,-700,-700,-700,-700,-700,-700,-700,-700,
-700,-700,-700,-700,-700,-700,-700,-700,-700,-700,-700,-700,-700,-700,-700,
-700,-700,-700,-700,-700,-700,-700,-700,-700,-700,-700,-700,-700,-700,-700,
-700,-700,-700,-700,-700,-700,-700,-700,-700,-700,-700,-700,-700,-700,-700,
-700,-700,-700,-700,-700,-700,-700,-700,-700,-700,-700,-700,-700,-700,-700,
-700,-700,-700,-700,-700,-700,-700,-700,-700,-700,-700,-700,-700,-700,-700,
